author_name,phone_or_email,public_email,public_phone,amazon_book_url,book_title,asin,author_website,contact_page_url,contact_source_url,contact_source_title,contact_confidence,validation_status,validation_notes,discovery_query,amazon_source_url,amazon_source_title,all_source_urls
Rana DiOrio,ebayhelp@betterworldbooks.com,ebayhelp@betterworldbooks.com,+1 415-205-0005,https://www.amazon.com/dp/1728223067,What Does It Mean to Be Present?: (Mindfulness for Kids ...DANCING WITH THE SPIRITS : Indigenous Stories for Kids ...Facts About the Praying Mantis (A Picture Book For Kids)Amazon.com: Goods And Services Books For Kids,1728223067,https://www.ebay.co.uk/itm/277989385681,,https://www.ebay.co.uk/itm/277989385681,que signifie etre global hardcover rana diorio 9780984080649 ebay uk ebay home more information about this item condition diners club,0.72,needs_manual_review,Seed Amazon URL retained; Scrapy verified the public source page mentions the author and exposes contact data. Manual verification before outreach.,seed_csv:children_book_illustration_600_amazon_author.csv,https://www.amazon.com/dp/1728223067,What Does It Mean to Be Present?: (Mindfulness for Kids ...DANCING WITH THE SPIRITS : Indigenous Stories for Kids ...Facts About the Praying Mantis (A Picture Book For Kids)Amazon.com: Goods And Services Books For Kids,https://www.ebay.co.uk/itm/277989385681
Smith,egrady@penguinrandomhouse.co.uk,egrady@penguinrandomhouse.co.uk,+1 868-235-5668,https://www.amazon.com/dp/1594748586,"Home Alone: The Classic Illustrated Storybook: Smith, Kim ...Children's Illustrated Encyclopedia (DK Children's ...",1594748586,https://www.guardian.co.tt/article/from-bedtime-stories-to-published-childrens-book-mom-blends-motherhood-and-chasing-her-dreams-6.2.2494183.fd283f4815,,https://www.guardian.co.tt/article/from-bedtime-stories-to-published-childrens-book-mom-blends-motherhood-and-chasing-her-dreams-6.2.2494183.fd283f4815,from bedtime stories to published childrens book mom blends motherhood and chasing her dreams trinidad guardian trinidad and tobago guardian online,0.72,needs_manual_review,Seed Amazon URL retained; Scrapy verified the public source page mentions the author and exposes contact data. Manual verification before outreach.,seed_csv:children_book_illustration_600_amazon_author.csv,https://www.amazon.com/dp/1594748586,"Home Alone: The Classic Illustrated Storybook: Smith, Kim ...Children's Illustrated Encyclopedia (DK Children's ...",https://www.guardian.co.tt/article/from-bedtime-stories-to-published-childrens-book-mom-blends-motherhood-and-chasing-her-dreams-6.2.2494183.fd283f4815
Roma Chadha Sood,info@iseeispellilearn.com,info@iseeispellilearn.com,+1 510-304-9193,https://www.amazon.com/dp/B09633FPFJ,Inspirational Children's Books,B09633FPFJ,https://www.ireadispell.com/products/the-unwanted-guest-a-book-about-overcoming-anger-paperback,,https://www.ireadispell.com/products/the-unwanted-guest-a-book-about-overcoming-anger-paperback,children s book the unwanted guest a book about overcoming anger i see i spell i learn llc american express apple pay bancontact diners club discover google pay ideal wero mastercard paypal shop pay visa,0.86,needs_manual_review,Seed Amazon URL retained; Scrapy verified the public source page mentions the author and exposes contact data. Manual verification before outreach.,seed_csv:children_book_illustration_600_amazon_author.csv,https://www.amazon.com/dp/B09633FPFJ,Inspirational Children's Books,https://www.ireadispell.com/products/the-unwanted-guest-a-book-about-overcoming-anger-paperback
John Kelly,laura@laurasummers.co.uk,laura@laurasummers.co.uk,+1 821-401-7352,https://www.amazon.com/dp/168010134X,"Books - Shhh! I'm Reading!: Kelly, John, Ellis, Elina",168010134X,https://www.laurasummers.co.uk/2017/11/08/childrens-book-review-hibernation-hotel-by-john-kelly/,,https://www.laurasummers.co.uk/2017/11/08/childrens-book-review-hibernation-hotel-by-john-kelly/,children s book review hibernation hotel by john kelly laura summers,0.72,needs_manual_review,Seed Amazon URL retained; Scrapy verified the public source page mentions the author and exposes contact data. Manual verification before outreach.,seed_csv:children_book_illustration_600_amazon_author.csv,https://www.amazon.com/dp/168010134X,"Books - Shhh! I'm Reading!: Kelly, John, Ellis, Elina",https://www.laurasummers.co.uk/2017/11/08/childrens-book-review-hibernation-hotel-by-john-kelly/
Antoine de Saint-Exupery,hello@lepetitprince.com,hello@lepetitprince.com,,https://www.amazon.com/dp/3982320801,Alice In Wonderland Children’s Book,3982320801,https://www.lepetitprince.com/en/,,https://www.lepetitprince.com/en/,the little prince official website of antoine de saint exupery s book,0.86,needs_manual_review,Seed Amazon URL retained; Scrapy verified the public source page mentions the author and exposes contact data. Manual verification before outreach.,seed_csv:children_book_illustration_600_amazon_author.csv,https://www.amazon.com/dp/3982320801,Alice In Wonderland Children’s Book,https://www.lepetitprince.com/en/
Nicola Marks,nickygriffithsvo@gmail.com,nickygriffithsvo@gmail.com,,https://www.amazon.com/dp/B0BDZY8BGZ,Do You Know Your (2 book series) Paperback Edition,B0BDZY8BGZ,https://www.nickygriffithsvo.co.uk/nicolamarksauthor,https://www.nickygriffithsvo.co.uk/contact,https://www.nickygriffithsvo.co.uk/nicolamarksauthor,nicola marks author children s book author nicky griffiths vo,0.86,needs_manual_review,Seed Amazon URL retained; Scrapy verified the public source page mentions the author and exposes contact data. Manual verification before outreach.,seed_csv:children_book_illustration_amazon_author_current.csv,https://www.amazon.com/dp/B0BDZY8BGZ,Do You Know Your (2 book series) Paperback Edition,https://www.nickygriffithsvo.co.uk/nicolamarksauthor
Sir Arthur Conan Doyle,info@poetryfoundation.org,info@poetryfoundation.org,+1 312-787-7070,https://www.amazon.com/dp/9389432006,Best of Children’s Classics (Set of 5 Books ...,9389432006,https://www.poetryfoundation.org/poets/arthur-conan-doyle,https://www.poetryfoundation.org/contact-us,https://www.poetryfoundation.org/poets/arthur-conan-doyle,sir arthur conan doyle the poetry foundation share this arrowright,0.86,needs_manual_review,Seed Amazon URL retained; Scrapy verified the public source page mentions the author and exposes contact data. Manual verification before outreach.,seed_csv:book_trailer_leads_600_latest_amazon.csv,https://www.amazon.com/dp/9389432006,Best of Children’s Classics (Set of 5 Books ...,https://www.poetryfoundation.org/poets/arthur-conan-doyle
Philippians,hello@thegoodbook.co.uk,hello@thegoodbook.co.uk,,https://www.amazon.com/dp/B0H1LNMMH1,Amazon.com: You're Not Alone: A Christian children's book ...,B0H1LNMMH1,https://www.thegoodbook.co.uk/blog/usefulresources/2012/03/27/philippiansaletterofjoy/,,https://www.thegoodbook.co.uk/blog/usefulresources/2012/03/27/philippiansaletterofjoy/,philippians a letter of joy the good book blog,0.86,needs_manual_review,Seed Amazon URL retained; Scrapy verified the public source page mentions the author and exposes contact data. Manual verification before outreach.,seed_csv:children_book_illustration_600_amazon_author.csv,https://www.amazon.com/dp/B0H1LNMMH1,Amazon.com: You're Not Alone: A Christian children's book ...,https://www.thegoodbook.co.uk/blog/usefulresources/2012/03/27/philippiansaletterofjoy/
Lab,+1 530-752-1011,,+1 530-752-1011,https://www.amazon.com/dp/B0H1WYZ4S4,"100,000 WHYS About Space: Mind-Blowing Facts About ...",B0H1WYZ4S4,https://www.ucdavis.edu/news/podcasts-and-shows/face-to-face/face-face-with-scientist-aka-childrens-book-author,,https://www.ucdavis.edu/news/podcasts-and-shows/face-to-face/face-face-with-scientist-aka-childrens-book-author,face to face with scientist aka childrens book author uc davis,0.72,needs_manual_review,Seed Amazon URL retained; Scrapy verified the public source page mentions the author and exposes contact data. Manual verification before outreach.,seed_csv:children_book_illustration_600_amazon_author.csv,https://www.amazon.com/dp/B0H1WYZ4S4,"100,000 WHYS About Space: Mind-Blowing Facts About ...",https://www.ucdavis.edu/news/podcasts-and-shows/face-to-face/face-face-with-scientist-aka-childrens-book-author
Zhang,hello@weareresonate.com,hello@weareresonate.com,,https://www.amazon.com/dp/B0GX2XWFPK,Night Weaving (The Trilogy of the Hours Book 1),B0GX2XWFPK,https://www.weareresonate.com/2017/04/pepper-zhang-childrens-book-starring-asian-toddler-needs-help/,,https://www.weareresonate.com/2017/04/pepper-zhang-childrens-book-starring-asian-toddler-needs-help/,pepper zhang children s book starring asian toddler needs your help,0.86,needs_manual_review,Seed Amazon URL retained; Scrapy verified the public source page mentions the author and exposes contact data. Manual verification before outreach.,seed_csv:children_book_illustration_600_amazon_author.csv,https://www.amazon.com/dp/B0GX2XWFPK,Night Weaving (The Trilogy of the Hours Book 1),https://www.weareresonate.com/2017/04/pepper-zhang-childrens-book-starring-asian-toddler-needs-help/
Maurice Sendak,litteraturpris@alma.se,litteraturpris@alma.se,+46 8 519 264 00,https://www.amazon.com/dp/B0874MMGN7,Fun Rhyming Children's Books (14 book series) Kindle Edition,B0874MMGN7,https://alma.se/en/inspire-young-readers/reading-guides/reading-guide-maurice-sendak,,https://alma.se/en/inspire-young-readers/reading-guides/reading-guide-maurice-sendak,reading guide to where the wild things are by maurice sendak,0.86,needs_manual_review,Seed Amazon URL retained; Scrapy verified the public source page mentions the author and exposes contact data. Manual verification before outreach.,seed_csv:children_book_illustration_600_amazon_author.csv,https://www.amazon.com/dp/B0874MMGN7,Fun Rhyming Children's Books (14 book series) Kindle Edition,https://alma.se/en/inspire-young-readers/reading-guides/reading-guide-maurice-sendak
zzazz productions archives candid candace,candace@candidcandace.com,candace@candidcandace.com,+1 312-726-7500,https://www.amazon.com/dp/1629339563,zzazz productions archives candid candace,1629339563,https://candidcandace.com/,,https://candidcandace.com/tag/zzazz-productions/,zzazz productions archives candid candace,0.74,needs_manual_review,Contact and Amazon URL were scraped from a public children-author/illustrator site. Manual verification before outreach.,seed_url,https://candidcandace.com/tag/zzazz-productions/,zzazz productions archives candid candace,https://candidcandace.com/tag/zzazz-productions/
Sharon Purtill,mail@dynamic-resources.org,mail@dynamic-resources.org,+1 724-463-3167,https://www.amazon.com/dp/0973410450,It's OK to be Different: A Children's Picture Book About ...,0973410450,https://dynamic-resources.org/products/its-okay-to-be-different,,https://dynamic-resources.org/products/its-okay-to-be-different,it s okay to be different dynamic resources,0.86,needs_manual_review,Seed Amazon URL retained; Scrapy verified the public source page mentions the author and exposes contact data. Manual verification before outreach.,seed_csv:book_trailer_leads_600_latest_amazon.csv,https://www.amazon.com/dp/0973410450,It's OK to be Different: A Children's Picture Book About ...,https://dynamic-resources.org/products/its-okay-to-be-different
catalog ot,admin@lolcow.farm,admin@lolcow.farm,+1 506-368-1190,https://www.amazon.com/dp/1602794685,catalog ot,1602794685,https://lolcow.farm/,,https://lolcow.farm/ot/catalog,catalog ot,0.74,needs_manual_review,Contact and Amazon URL were scraped from a public children-author/illustrator site. Manual verification before outreach.,seed_url,https://lolcow.farm/ot/catalog,catalog ot,https://lolcow.farm/ot/catalog
Mom and Dad,+1 650-759-3784,,+1 650-759-3784,https://www.amazon.com/dp/1575423154,"Bedtime (Toddler Tools® Board Books): Verdick, Elizabeth ...",1575423154,https://shop.reachandteach.com/book/9781575423159,https://shop.reachandteach.com/contact,https://shop.reachandteach.com/book/9781575423159,bedtime toddler tools board books reach and teach,0.72,needs_manual_review,Seed Amazon URL retained; Scrapy verified the public source page mentions the author and exposes contact data. Manual verification before outreach.,seed_csv:book_trailer_leads_600_latest_amazon.csv,https://www.amazon.com/dp/1575423154,"Bedtime (Toddler Tools® Board Books): Verdick, Elizabeth ...",https://shop.reachandteach.com/book/9781575423159
shiny happy people a s picture akashic,info@akashicbooks.com,info@akashicbooks.com,+1 718-643-9193,https://www.amazon.com/dp/1617758515,shiny happy people a children s picture book akashic books,1617758515,https://www.akashicbooks.com/,,https://www.akashicbooks.com/catalog/shiny-happy-people-a-childrens-picture-book/,shiny happy people a children s picture book akashic books,0.74,needs_manual_review,Contact and Amazon URL were scraped from a public children-author/illustrator site. Manual verification before outreach.,seed_url,https://www.akashicbooks.com/catalog/shiny-happy-people-a-childrens-picture-book/,shiny happy people a children s picture book akashic books,https://www.akashicbooks.com/catalog/shiny-happy-people-a-childrens-picture-book/
Martin Salisbury,+44 1245 493131,,+44 1245 493131,https://www.amazon.com/dp/1419738984,Pictured Worlds: Masterpieces of Children’s Book Art,1419738984,https://www.aru.ac.uk/people/martin-salisbury,,https://www.aru.ac.uk/people/martin-salisbury,professor martin salisbury aru,0.72,needs_manual_review,Seed Amazon URL retained; Scrapy verified the public source page mentions the author and exposes contact data. Manual verification before outreach.,seed_csv:book_trailer_leads_600_latest_amazon.csv,https://www.amazon.com/dp/1419738984,Pictured Worlds: Masterpieces of Children’s Book Art,https://www.aru.ac.uk/people/martin-salisbury
luminare press logo lockup,info@luminarepress.com,info@luminarepress.com,+1 541-636-3102,https://www.amazon.com/dp/B0GZ969W1Y,books luminare press logo lockup,B0GZ969W1Y,https://www.luminarepress.com/,,https://www.luminarepress.com/books/?genre=childrens-books,books luminare press logo lockup,0.74,needs_manual_review,Contact and Amazon URL were scraped from a public children-author/illustrator site. Manual verification before outreach.,seed_url,https://www.luminarepress.com/books/?genre=childrens-books,books luminare press logo lockup,https://www.luminarepress.com/books/?genre=childrens-books
skip to keyboard shortcuts,+1 938-842-3100,,+1 938-842-3100,https://www.amazon.com/dp/B0H1S9SCNP,amazon in wonder house books books biography latest update,B0H1S9SCNP,https://www.amazon.in/,,https://www.amazon.in/stores/Wonder-House-Books/author/B08N67G4CC?ref=ap_rdr&shoppingPortalEnabled=true,amazon in wonder house books books biography latest update,0.74,needs_manual_review,Contact and Amazon URL were scraped from a public children-author/illustrator site. Manual verification before outreach.,seed_url,https://www.amazon.in/stores/Wonder-House-Books/author/B08N67G4CC?ref=ap_rdr&shoppingPortalEnabled=true,amazon in wonder house books books biography latest update,https://www.amazon.in/stores/Wonder-House-Books/author/B08N67G4CC?ref=ap_rdr&shoppingPortalEnabled=true
tag archives,sean@purplephoto.com,sean@purplephoto.com,+1 847-926-4300,https://www.amazon.com/dp/B08FZ7TTQH,chicago star media archives candid candace,B08FZ7TTQH,https://candidcandace.com/,,https://candidcandace.com/tag/chicago-star-media/,chicago star media archives candid candace,0.74,needs_manual_review,Contact and Amazon URL were scraped from a public children-author/illustrator site. Manual verification before outreach.,seed_url,https://candidcandace.com/tag/chicago-star-media/,chicago star media archives candid candace,https://candidcandace.com/tag/chicago-star-media/
big red barn rif org,+1 877-743-7323,,+1 877-743-7323,https://www.amazon.com/dp/0060207485,big red barn rif org,0060207485,https://www.rif.org/,,https://www.rif.org/literacy-central/book/big-red-barn,big red barn rif org,0.74,needs_manual_review,Contact and Amazon URL were scraped from a public children-author/illustrator site. Manual verification before outreach.,seed_url,https://www.rif.org/literacy-central/book/big-red-barn,big red barn rif org,https://www.rif.org/literacy-central/book/big-red-barn
skip to keyboard shortcuts,+1 938-905-3862,,+1 938-905-3862,https://www.amazon.com/dp/9389053862,alphabet chart early learning educational chart for kids perfect for homeschooling kindergarten and nursery students 11 5 inches x 17 5 inches wonder house books amazon in books,9389053862,https://www.amazon.in/,,https://www.amazon.in/Alphabet-Chart-Educational-Homeschooling-Kindergarten/dp/9389053862/ref=zg_mg_g_67803634031_d_sccl_9/521-7088037-2410765?psc=1,alphabet chart early learning educational chart for kids perfect for homeschooling kindergarten and nursery students 11 5 inches x 17 5 inches wonder house books amazon in books,0.74,needs_manual_review,Contact and Amazon URL were scraped from a public children-author/illustrator site. Manual verification before outreach.,seed_url,https://www.amazon.in/Alphabet-Chart-Educational-Homeschooling-Kindergarten/dp/9389053862/ref=zg_mg_g_67803634031_d_sccl_9/521-7088037-2410765?psc=1,alphabet chart early learning educational chart for kids perfect for homeschooling kindergarten and nursery students 11 5 inches x 17 5 inches wonder house books amazon in books,https://www.amazon.in/Alphabet-Chart-Educational-Homeschooling-Kindergarten/dp/9389053862/ref=zg_mg_g_67803634031_d_sccl_9/521-7088037-2410765?psc=1
