timestamp_utc,event,batch,total_rows,message
2026-05-19T18:56:26.747763+00:00,start,1,0,Starting Scrapy no-Tavily crawl
2026-05-19T18:56:34.333749+00:00,request_error,1,0,Ignoring non-200 response
2026-05-19T18:56:40.141351+00:00,request_error,1,0,Ignoring non-200 response
2026-05-19T18:56:40.410615+00:00,request_error,1,0,Ignoring non-200 response
2026-05-19T18:56:56.348146+00:00,request_error,1,0,Forbidden by robots.txt
2026-05-19T18:56:58.999938+00:00,row,1,1,Rana DiOrio -> https://www.amazon.com/dp/1728223067
2026-05-19T18:57:02.543730+00:00,request_error,1,1,Forbidden by robots.txt
2026-05-19T18:57:03.944855+00:00,request_error,1,1,Ignoring non-200 response
2026-05-19T18:57:06.503706+00:00,row,1,2,Smith -> https://www.amazon.com/dp/1594748586
2026-05-19T18:57:11.962772+00:00,request_error,1,2,Ignoring non-200 response
2026-05-19T18:57:14.072330+00:00,row,1,3,Roma Chadha Sood -> https://www.amazon.com/dp/B09633FPFJ
2026-05-19T18:57:17.883036+00:00,request_error,1,3,Ignoring non-200 response
2026-05-19T18:57:19.563062+00:00,request_error,1,3,Ignoring non-200 response
2026-05-19T18:57:20.934592+00:00,row,1,4,John Kelly -> https://www.amazon.com/dp/168010134X
2026-05-19T18:57:21.218941+00:00,request_error,1,4,Ignoring non-200 response
2026-05-19T18:57:22.484770+00:00,row,1,5,Antoine de Saint-Exupery -> https://www.amazon.com/dp/3982320801
2026-05-19T18:57:24.810246+00:00,request_error,1,5,Ignoring non-200 response
2026-05-19T18:57:35.760092+00:00,row,1,6,Nicola Marks -> https://www.amazon.com/dp/B0BDZY8BGZ
2026-05-19T18:57:40.401510+00:00,request_error,1,6,Ignoring non-200 response
2026-05-19T18:57:47.297818+00:00,row,1,7,Sir Arthur Conan Doyle -> https://www.amazon.com/dp/9389432006
2026-05-19T18:57:48.867566+00:00,request_error,1,7,Forbidden by robots.txt
2026-05-19T18:57:51.770630+00:00,request_error,1,7,Forbidden by robots.txt
2026-05-19T18:57:59.540072+00:00,request_error,1,7,Ignoring non-200 response
2026-05-19T18:58:01.332720+00:00,request_error,1,7,Ignoring non-200 response
2026-05-19T18:58:01.845053+00:00,request_error,1,7,Forbidden by robots.txt
2026-05-19T18:58:07.156202+00:00,row,1,8,Philippians -> https://www.amazon.com/dp/B0H1LNMMH1
2026-05-19T18:58:25.176993+00:00,request_error,1,8,Ignoring non-200 response
2026-05-19T18:58:25.727176+00:00,request_error,1,8,Ignoring non-200 response
2026-05-19T18:58:28.278185+00:00,row,1,9,Lab -> https://www.amazon.com/dp/B0H1WYZ4S4
2026-05-19T18:58:29.477081+00:00,request_error,1,9,Ignoring non-200 response
2026-05-19T18:58:32.278016+00:00,request_error,1,9,Ignoring non-200 response
2026-05-19T18:58:33.444168+00:00,row,1,10,Zhang -> https://www.amazon.com/dp/B0GX2XWFPK
2026-05-19T18:58:33.846352+00:00,request_error,1,10,Ignoring non-200 response
2026-05-19T18:58:55.748131+00:00,request_error,1,10,Ignoring non-200 response
2026-05-19T18:58:56.877507+00:00,row,1,11,Maurice Sendak -> https://www.amazon.com/dp/B0874MMGN7
2026-05-19T18:58:59.371591+00:00,request_error,1,11,Ignoring non-200 response
2026-05-19T18:59:01.661782+00:00,request_error,1,11,Forbidden by robots.txt
2026-05-19T18:59:04.061898+00:00,request_error,1,11,Ignoring non-200 response
2026-05-19T18:59:07.972514+00:00,request_error,1,11,Ignoring non-200 response
2026-05-19T18:59:26.392052+00:00,request_error,1,11,Ignoring non-200 response
2026-05-19T18:59:31.583181+00:00,request_error,1,11,Forbidden by robots.txt
2026-05-19T18:59:36.102629+00:00,row,1,12,zzazz productions archives candid candace -> https://www.amazon.com/dp/1629339563
2026-05-19T18:59:39.946222+00:00,request_error,1,12,Ignoring non-200 response
2026-05-19T18:59:40.755486+00:00,request_error,1,12,Forbidden by robots.txt
2026-05-19T18:59:44.116402+00:00,request_error,1,12,Forbidden by robots.txt
2026-05-19T18:59:46.179905+00:00,row,1,13,Sharon Purtill -> https://www.amazon.com/dp/0973410450
2026-05-19T18:59:47.337365+00:00,request_error,1,13,Ignoring non-200 response
2026-05-19T18:59:55.893955+00:00,request_error,1,13,Forbidden by robots.txt
2026-05-19T18:59:56.724660+00:00,request_error,1,13,Forbidden by robots.txt
2026-05-19T18:59:57.637335+00:00,request_error,1,13,Forbidden by robots.txt
2026-05-19T19:00:03.495327+00:00,request_error,1,13,Forbidden by robots.txt
2026-05-19T19:00:09.711166+00:00,request_error,1,13,Ignoring non-200 response
2026-05-19T19:00:11.863344+00:00,request_error,1,13,Forbidden by robots.txt
2026-05-19T19:00:31.306361+00:00,row,1,14,catalog ot -> https://www.amazon.com/dp/1602794685
2026-05-19T19:00:31.433502+00:00,request_error,1,14,Ignoring non-200 response
2026-05-19T19:00:32.355616+00:00,request_error,1,14,Ignoring non-200 response
2026-05-19T19:00:33.309315+00:00,request_error,1,14,Ignoring non-200 response
2026-05-19T19:00:36.361712+00:00,request_error,1,14,Ignoring non-200 response
2026-05-19T19:00:45.523661+00:00,request_error,1,14,Forbidden by robots.txt
2026-05-19T19:00:49.278295+00:00,request_error,1,14,Ignoring non-200 response
2026-05-19T19:01:05.835280+00:00,row,1,15,Mom and Dad -> https://www.amazon.com/dp/1575423154
2026-05-19T19:01:16.277808+00:00,request_error,1,15,Forbidden by robots.txt
2026-05-19T19:01:19.407004+00:00,request_error,1,15,Forbidden by robots.txt
2026-05-19T19:01:22.411159+00:00,request_error,1,15,Forbidden by robots.txt
2026-05-19T19:01:23.600099+00:00,request_error,1,15,Forbidden by robots.txt
2026-05-19T19:01:25.342964+00:00,request_error,1,15,Ignoring non-200 response
2026-05-19T19:01:29.083789+00:00,request_error,1,15,Ignoring non-200 response
2026-05-19T19:01:35.650813+00:00,row,1,16,shiny happy people a s picture akashic -> https://www.amazon.com/dp/1617758515
2026-05-19T19:01:36.653019+00:00,request_error,1,16,Ignoring non-200 response
2026-05-19T19:01:48.915004+00:00,row,1,17,Martin Salisbury -> https://www.amazon.com/dp/1419738984
2026-05-19T19:01:50.737394+00:00,request_error,1,17,Ignoring non-200 response
2026-05-19T19:01:50.778243+00:00,request_error,1,17,Ignoring non-200 response
2026-05-19T19:01:53.892928+00:00,request_error,1,17,Ignoring non-200 response
2026-05-19T19:01:54.089330+00:00,request_error,1,17,Forbidden by robots.txt
2026-05-19T19:01:57.806647+00:00,request_error,1,17,Ignoring non-200 response
2026-05-19T19:02:01.024676+00:00,request_error,1,17,Forbidden by robots.txt
2026-05-19T19:02:01.028667+00:00,request_error,1,17,Forbidden by robots.txt
2026-05-19T19:02:01.061904+00:00,request_error,1,17,Ignoring non-200 response
2026-05-19T19:02:01.157623+00:00,request_error,1,17,Forbidden by robots.txt
2026-05-19T19:02:02.400270+00:00,request_error,1,17,Ignoring non-200 response
2026-05-19T19:02:08.640798+00:00,request_error,1,17,Ignoring non-200 response
2026-05-19T19:02:13.671062+00:00,request_error,1,17,Ignoring non-200 response
2026-05-19T19:02:14.208686+00:00,request_error,1,17,Ignoring non-200 response
2026-05-19T19:02:14.380178+00:00,request_error,1,17,[<twisted.python.failure.Failure twisted.internet.error.ConnectionLost: Connection to the other side was lost in a non-clean fashion: Connection lost.>]
2026-05-19T19:02:14.952910+00:00,request_error,1,17,Ignoring non-200 response
2026-05-19T19:02:14.956519+00:00,request_error,1,17,Ignoring non-200 response
2026-05-19T19:02:16.256290+00:00,request_error,1,17,Ignoring non-200 response
2026-05-19T19:02:23.191634+00:00,request_error,1,17,Forbidden by robots.txt
2026-05-19T19:02:26.996047+00:00,request_error,1,17,Forbidden by robots.txt
2026-05-19T19:02:27.128508+00:00,request_error,1,17,Forbidden by robots.txt
2026-05-19T19:02:29.131206+00:00,request_error,1,17,Ignoring non-200 response
2026-05-19T19:02:29.712448+00:00,request_error,1,17,Forbidden by robots.txt
2026-05-19T19:02:31.253733+00:00,request_error,1,17,Ignoring non-200 response
2026-05-19T19:02:31.375382+00:00,request_error,1,17,Forbidden by robots.txt
2026-05-19T19:02:34.812098+00:00,request_error,1,17,Ignoring non-200 response
2026-05-19T19:02:42.848215+00:00,request_error,1,17,Ignoring non-200 response
2026-05-19T19:02:43.638153+00:00,request_error,1,17,Ignoring non-200 response
2026-05-19T19:02:43.710432+00:00,request_error,1,17,Ignoring non-200 response
2026-05-19T19:02:52.683194+00:00,request_error,1,17,Forbidden by robots.txt
2026-05-19T19:02:56.022998+00:00,request_error,1,17,Ignoring non-200 response
2026-05-19T19:02:56.832507+00:00,request_error,1,17,Forbidden by robots.txt
2026-05-19T19:02:57.008652+00:00,request_error,1,17,Ignoring non-200 response
2026-05-19T19:02:57.806581+00:00,request_error,1,17,Ignoring non-200 response
2026-05-19T19:03:03.888824+00:00,request_error,1,17,Ignoring non-200 response
2026-05-19T19:03:12.233683+00:00,request_error,1,17,Ignoring non-200 response
2026-05-19T19:03:16.260307+00:00,request_error,1,17,Ignoring non-200 response
2026-05-19T19:03:17.530621+00:00,request_error,1,17,Forbidden by robots.txt
2026-05-19T19:03:17.607255+00:00,request_error,1,17,Ignoring non-200 response
2026-05-19T19:03:18.198300+00:00,request_error,1,17,Ignoring non-200 response
2026-05-19T19:03:18.675180+00:00,request_error,1,17,Forbidden by robots.txt
2026-05-19T19:03:19.677794+00:00,request_error,1,17,Ignoring non-200 response
2026-05-19T19:03:20.116902+00:00,request_error,1,17,Ignoring non-200 response
2026-05-19T19:03:21.048148+00:00,request_error,1,17,Forbidden by robots.txt
2026-05-19T19:03:22.109709+00:00,request_error,1,17,Forbidden by robots.txt
2026-05-19T19:03:22.280681+00:00,request_error,1,17,Forbidden by robots.txt
2026-05-19T19:03:22.284233+00:00,request_error,1,17,Forbidden by robots.txt
2026-05-19T19:03:23.979197+00:00,request_error,1,17,Forbidden by robots.txt
2026-05-19T19:03:27.876601+00:00,request_error,1,17,Forbidden by robots.txt
2026-05-19T19:03:28.317540+00:00,request_error,1,17,Ignoring non-200 response
2026-05-19T19:03:29.412460+00:00,request_error,1,17,Ignoring non-200 response
2026-05-19T19:03:29.586124+00:00,request_error,1,17,[<twisted.python.failure.Failure twisted.internet.error.ConnectionLost: Connection to the other side was lost in a non-clean fashion: Connection lost.>]
2026-05-19T19:04:40.315946+00:00,request_error,1,17,[<twisted.python.failure.Failure twisted.internet.error.ConnectionLost: Connection to the other side was lost in a non-clean fashion: Connection lost.>]
2026-05-19T19:04:43.175172+00:00,request_error,1,17,Ignoring non-200 response
2026-05-19T19:04:47.195862+00:00,request_error,1,17,Forbidden by robots.txt
2026-05-19T19:04:59.459834+00:00,request_error,1,17,Forbidden by robots.txt
2026-05-19T19:04:59.462899+00:00,request_error,1,17,Forbidden by robots.txt
2026-05-19T19:04:59.900613+00:00,request_error,1,17,Forbidden by robots.txt
2026-05-19T19:05:01.554978+00:00,request_error,1,17,Ignoring non-200 response
2026-05-19T19:05:06.215966+00:00,request_error,1,17,Ignoring non-200 response
2026-05-19T19:05:08.191737+00:00,request_error,1,17,Ignoring non-200 response
2026-05-19T19:05:09.443765+00:00,request_error,1,17,Forbidden by robots.txt
2026-05-19T19:05:16.930720+00:00,request_error,1,17,Ignoring non-200 response
2026-05-19T19:05:18.070937+00:00,request_error,1,17,Ignoring non-200 response
2026-05-19T19:05:21.228474+00:00,request_error,1,17,Ignoring non-200 response
2026-05-19T19:05:25.180991+00:00,request_error,1,17,Forbidden by robots.txt
2026-05-19T19:05:25.676331+00:00,request_error,1,17,Forbidden by robots.txt
2026-05-19T19:05:28.683191+00:00,request_error,1,17,Ignoring non-200 response
2026-05-19T19:05:36.337350+00:00,request_error,1,17,Ignoring non-200 response
2026-05-19T19:05:38.090147+00:00,request_error,1,17,Forbidden by robots.txt
2026-05-19T19:05:38.218396+00:00,request_error,1,17,Ignoring non-200 response
2026-05-19T19:05:38.991114+00:00,request_error,1,17,Ignoring non-200 response
2026-05-19T19:05:39.393993+00:00,row,1,18,luminare press logo lockup -> https://www.amazon.com/dp/B0GZ969W1Y
2026-05-19T19:05:48.258253+00:00,request_error,1,18,Forbidden by robots.txt
2026-05-19T19:05:49.560813+00:00,request_error,1,18,Forbidden by robots.txt
2026-05-19T19:05:52.253595+00:00,request_error,1,18,Forbidden by robots.txt
2026-05-19T19:05:53.293227+00:00,request_error,1,18,Ignoring non-200 response
2026-05-19T19:05:57.097620+00:00,request_error,1,18,Forbidden by robots.txt
2026-05-19T19:06:08.757727+00:00,request_error,1,18,Ignoring non-200 response
2026-05-19T19:06:14.688814+00:00,request_error,1,18,Ignoring non-200 response
2026-05-19T19:06:16.205902+00:00,request_error,1,18,Forbidden by robots.txt
2026-05-19T19:06:18.214881+00:00,request_error,1,18,Forbidden by robots.txt
2026-05-19T19:06:23.511685+00:00,request_error,1,18,Forbidden by robots.txt
2026-05-19T19:06:32.189559+00:00,request_error,1,18,Ignoring non-200 response
2026-05-19T19:06:37.251329+00:00,request_error,1,18,Forbidden by robots.txt
2026-05-19T19:06:39.686720+00:00,request_error,1,18,Ignoring non-200 response
2026-05-19T19:06:40.862130+00:00,request_error,1,18,Ignoring non-200 response
2026-05-19T19:06:40.952027+00:00,request_error,1,18,Forbidden by robots.txt
2026-05-19T19:06:41.618477+00:00,request_error,1,18,Ignoring non-200 response
2026-05-19T19:06:41.622861+00:00,request_error,1,18,Forbidden by robots.txt
2026-05-19T19:06:44.321346+00:00,request_error,1,18,Forbidden by robots.txt
2026-05-19T19:06:47.044255+00:00,request_error,1,18,Ignoring non-200 response
2026-05-19T19:06:48.926496+00:00,request_error,1,18,Ignoring non-200 response
2026-05-19T19:06:49.227023+00:00,request_error,1,18,Ignoring non-200 response
2026-05-19T19:07:01.545739+00:00,request_error,1,18,Ignoring non-200 response
2026-05-19T19:07:01.975358+00:00,request_error,1,18,Ignoring non-200 response
2026-05-19T19:07:06.020140+00:00,request_error,1,18,Forbidden by robots.txt
2026-05-19T19:07:07.569297+00:00,request_error,1,18,Forbidden by robots.txt
2026-05-19T19:07:07.573117+00:00,request_error,1,18,Forbidden by robots.txt
2026-05-19T19:07:11.455383+00:00,request_error,1,18,Ignoring non-200 response
2026-05-19T19:07:16.882767+00:00,request_error,1,18,Ignoring non-200 response
2026-05-19T19:07:26.980102+00:00,request_error,1,18,Ignoring non-200 response
2026-05-19T19:07:29.337063+00:00,request_error,1,18,Ignoring non-200 response
2026-05-19T19:07:31.014893+00:00,request_error,1,18,Ignoring non-200 response
2026-05-19T19:07:36.106681+00:00,request_error,1,18,Forbidden by robots.txt
2026-05-19T19:07:36.243216+00:00,request_error,1,18,Forbidden by robots.txt
2026-05-19T19:07:42.888911+00:00,request_error,1,18,Forbidden by robots.txt
2026-05-19T19:07:44.303912+00:00,request_error,1,18,Ignoring non-200 response
2026-05-19T19:07:44.466348+00:00,request_error,1,18,Forbidden by robots.txt
2026-05-19T19:07:44.771280+00:00,request_error,1,18,Ignoring non-200 response
2026-05-19T19:07:53.258070+00:00,request_error,1,18,Forbidden by robots.txt
2026-05-19T19:07:59.732655+00:00,request_error,1,18,Forbidden by robots.txt
2026-05-19T19:08:00.639450+00:00,request_error,1,18,Forbidden by robots.txt
2026-05-19T19:08:02.389452+00:00,request_error,1,18,Ignoring non-200 response
2026-05-19T19:08:04.296175+00:00,request_error,1,18,Forbidden by robots.txt
2026-05-19T19:08:04.349701+00:00,request_error,1,18,Ignoring non-200 response
2026-05-19T19:08:06.897197+00:00,request_error,1,18,Ignoring non-200 response
2026-05-19T19:08:16.371333+00:00,request_error,1,18,Ignoring non-200 response
2026-05-19T19:08:16.470523+00:00,request_error,1,18,Forbidden by robots.txt
2026-05-19T19:08:17.655339+00:00,request_error,1,18,Forbidden by robots.txt
2026-05-19T19:08:23.435121+00:00,request_error,1,18,Ignoring non-200 response
2026-05-19T19:08:25.093580+00:00,request_error,1,18,Forbidden by robots.txt
2026-05-19T19:08:26.644202+00:00,request_error,1,18,Forbidden by robots.txt
2026-05-19T19:08:37.687505+00:00,request_error,1,18,Ignoring non-200 response
2026-05-19T19:08:42.676457+00:00,request_error,1,18,Forbidden by robots.txt
2026-05-19T19:08:43.325589+00:00,request_error,1,18,Ignoring non-200 response
2026-05-19T19:08:43.852238+00:00,request_error,1,18,Ignoring non-200 response
2026-05-19T19:08:43.955248+00:00,request_error,1,18,Forbidden by robots.txt
2026-05-19T19:08:44.995415+00:00,request_error,1,18,Forbidden by robots.txt
2026-05-19T19:08:46.776157+00:00,request_error,1,18,Forbidden by robots.txt
2026-05-19T19:08:47.200772+00:00,request_error,1,18,Ignoring non-200 response
2026-05-19T19:08:48.860642+00:00,request_error,1,18,Ignoring non-200 response
2026-05-19T19:08:50.477624+00:00,request_error,1,18,Ignoring non-200 response
2026-05-19T19:08:50.965109+00:00,request_error,1,18,Ignoring non-200 response
2026-05-19T19:11:44.439494+00:00,request_error,1,18,Forbidden by robots.txt
2026-05-19T19:11:55.673251+00:00,request_error,1,18,Ignoring non-200 response
2026-05-19T19:11:58.486404+00:00,request_error,1,18,Forbidden by robots.txt
2026-05-19T19:12:07.447477+00:00,request_error,1,18,Ignoring non-200 response
2026-05-19T19:12:18.185495+00:00,request_error,1,18,Ignoring non-200 response
2026-05-19T19:12:20.627927+00:00,request_error,1,18,Forbidden by robots.txt
2026-05-19T19:12:20.854752+00:00,request_error,1,18,Forbidden by robots.txt
2026-05-19T19:12:21.044623+00:00,request_error,1,18,Forbidden by robots.txt
2026-05-19T19:12:24.997934+00:00,request_error,1,18,Ignoring non-200 response
2026-05-19T19:12:37.695980+00:00,request_error,1,18,Forbidden by robots.txt
2026-05-19T19:12:38.016335+00:00,request_error,1,18,Ignoring non-200 response
2026-05-19T19:12:38.210938+00:00,request_error,1,18,Forbidden by robots.txt
2026-05-19T19:12:39.724875+00:00,request_error,1,18,Ignoring non-200 response
2026-05-19T19:12:45.532642+00:00,request_error,1,18,Forbidden by robots.txt
2026-05-19T19:12:50.238452+00:00,request_error,1,18,Forbidden by robots.txt
2026-05-19T19:12:52.534231+00:00,request_error,1,18,Forbidden by robots.txt
2026-05-19T19:12:56.292620+00:00,request_error,1,18,Ignoring non-200 response
2026-05-19T19:12:56.298523+00:00,request_error,1,18,Ignoring non-200 response
2026-05-19T19:12:56.457305+00:00,request_error,1,18,Forbidden by robots.txt
2026-05-19T19:13:14.271985+00:00,request_error,1,18,Forbidden by robots.txt
2026-05-19T19:13:14.342707+00:00,request_error,1,18,Ignoring non-200 response
2026-05-19T19:13:19.294128+00:00,request_error,1,18,Forbidden by robots.txt
2026-05-19T19:13:19.298683+00:00,request_error,1,18,Forbidden by robots.txt
2026-05-19T19:13:19.388605+00:00,request_error,1,18,Forbidden by robots.txt
2026-05-19T19:13:27.674390+00:00,request_error,1,18,Ignoring non-200 response
2026-05-19T19:13:33.637961+00:00,request_error,1,18,Forbidden by robots.txt
2026-05-19T19:13:34.555222+00:00,request_error,1,18,Forbidden by robots.txt
2026-05-19T19:13:35.119554+00:00,request_error,1,18,Forbidden by robots.txt
2026-05-19T19:13:37.189189+00:00,request_error,1,18,Ignoring non-200 response
2026-05-19T19:13:38.996127+00:00,request_error,1,18,Ignoring non-200 response
2026-05-19T19:13:39.847417+00:00,request_error,1,18,Ignoring non-200 response
2026-05-19T19:13:51.662939+00:00,request_error,1,18,Forbidden by robots.txt
2026-05-19T19:13:56.834563+00:00,request_error,1,18,Forbidden by robots.txt
2026-05-19T19:13:59.773626+00:00,request_error,1,18,Ignoring non-200 response
2026-05-19T19:14:01.874399+00:00,request_error,1,18,Ignoring non-200 response
2026-05-19T19:14:02.316216+00:00,request_error,1,18,Ignoring non-200 response
2026-05-19T19:14:07.157478+00:00,request_error,1,18,Ignoring non-200 response
2026-05-19T19:14:10.959799+00:00,request_error,1,18,Ignoring non-200 response
2026-05-19T19:14:12.782126+00:00,request_error,1,18,Forbidden by robots.txt
2026-05-19T19:14:13.198781+00:00,request_error,1,18,Forbidden by robots.txt
2026-05-19T19:14:15.759815+00:00,request_error,1,18,Forbidden by robots.txt
2026-05-19T19:14:22.580791+00:00,request_error,1,18,Ignoring non-200 response
2026-05-19T19:14:24.329944+00:00,request_error,1,18,Ignoring non-200 response
2026-05-19T19:14:30.063805+00:00,request_error,1,18,Forbidden by robots.txt
2026-05-19T19:14:31.789642+00:00,request_error,1,18,Ignoring non-200 response
2026-05-19T19:14:32.337110+00:00,request_error,1,18,Ignoring non-200 response
2026-05-19T19:14:32.884136+00:00,request_error,1,18,Forbidden by robots.txt
2026-05-19T19:14:38.519319+00:00,request_error,1,18,Ignoring non-200 response
2026-05-19T19:14:52.934593+00:00,request_error,1,18,Forbidden by robots.txt
2026-05-19T19:14:53.766514+00:00,request_error,1,18,Forbidden by robots.txt
2026-05-19T19:14:54.193300+00:00,request_error,1,18,Forbidden by robots.txt
2026-05-19T19:14:54.197777+00:00,request_error,1,18,Forbidden by robots.txt
2026-05-19T19:14:54.298436+00:00,request_error,1,18,Forbidden by robots.txt
2026-05-19T19:14:54.348518+00:00,request_error,1,18,Forbidden by robots.txt
2026-05-19T19:14:58.921970+00:00,request_error,1,18,Ignoring non-200 response
2026-05-19T19:15:01.202580+00:00,request_error,1,18,Ignoring non-200 response
2026-05-19T19:15:02.431643+00:00,request_error,1,18,Forbidden by robots.txt
2026-05-19T19:15:03.018503+00:00,request_error,1,18,Forbidden by robots.txt
2026-05-19T19:15:03.463596+00:00,request_error,1,18,Forbidden by robots.txt
2026-05-19T19:15:08.585810+00:00,request_error,1,18,Ignoring non-200 response
2026-05-19T19:15:12.299955+00:00,request_error,1,18,Ignoring non-200 response
2026-05-19T19:15:28.618721+00:00,request_error,1,18,Forbidden by robots.txt
2026-05-19T19:15:31.666360+00:00,request_error,1,18,Forbidden by robots.txt
2026-05-19T19:15:31.706211+00:00,request_error,1,18,Ignoring non-200 response
2026-05-19T19:15:31.800132+00:00,request_error,1,18,Forbidden by robots.txt
2026-05-19T19:15:31.816918+00:00,request_error,1,18,Forbidden by robots.txt
2026-05-19T19:15:32.900286+00:00,request_error,1,18,Ignoring non-200 response
2026-05-19T19:15:40.039500+00:00,request_error,1,18,Ignoring non-200 response
2026-05-19T19:15:43.773213+00:00,request_error,1,18,Ignoring non-200 response
2026-05-19T19:15:50.674660+00:00,request_error,1,18,Forbidden by robots.txt
2026-05-19T19:15:50.716702+00:00,request_error,1,18,Forbidden by robots.txt
2026-05-19T19:15:58.398543+00:00,request_error,1,18,Forbidden by robots.txt
2026-05-19T19:16:05.845595+00:00,request_error,1,18,Forbidden by robots.txt
2026-05-19T19:16:08.983956+00:00,request_error,1,18,Ignoring non-200 response
2026-05-19T19:16:16.316145+00:00,request_error,1,18,Ignoring non-200 response
2026-05-19T19:16:16.851037+00:00,request_error,1,18,Forbidden by robots.txt
2026-05-19T19:16:20.915283+00:00,request_error,1,18,Forbidden by robots.txt
2026-05-19T19:16:22.777669+00:00,request_error,1,18,Ignoring non-200 response
2026-05-19T19:16:23.376822+00:00,request_error,1,18,Ignoring non-200 response
2026-05-19T19:16:23.836264+00:00,request_error,1,18,Forbidden by robots.txt
2026-05-19T19:16:54.480302+00:00,request_error,1,18,Ignoring non-200 response
2026-05-19T19:16:55.956237+00:00,request_error,1,18,Forbidden by robots.txt
2026-05-19T19:16:55.960796+00:00,request_error,1,18,Forbidden by robots.txt
2026-05-19T19:16:56.283586+00:00,request_error,1,18,Forbidden by robots.txt
2026-05-19T19:16:56.398793+00:00,request_error,1,18,Forbidden by robots.txt
2026-05-19T19:16:57.950771+00:00,request_error,1,18,Forbidden by robots.txt
2026-05-19T19:16:57.954792+00:00,request_error,1,18,Forbidden by robots.txt
2026-05-19T19:16:58.357940+00:00,request_error,1,18,Forbidden by robots.txt
2026-05-19T19:16:58.442048+00:00,request_error,1,18,Forbidden by robots.txt
2026-05-19T19:16:58.474068+00:00,request_error,1,18,Forbidden by robots.txt
2026-05-19T19:17:05.706071+00:00,request_error,1,18,Ignoring non-200 response
2026-05-19T19:17:08.818282+00:00,request_error,1,18,Ignoring non-200 response
2026-05-19T19:17:09.731804+00:00,request_error,1,18,Forbidden by robots.txt
2026-05-19T19:17:10.559855+00:00,request_error,1,18,Forbidden by robots.txt
2026-05-19T19:17:16.523066+00:00,request_error,1,18,Ignoring non-200 response
2026-05-19T19:17:16.781163+00:00,request_error,1,18,Ignoring non-200 response
2026-05-19T19:17:22.876885+00:00,request_error,1,18,Forbidden by robots.txt
2026-05-19T19:17:33.015100+00:00,request_error,1,18,Forbidden by robots.txt
2026-05-19T19:17:34.981468+00:00,request_error,1,18,Ignoring non-200 response
2026-05-19T19:17:35.920590+00:00,request_error,1,18,Ignoring non-200 response
2026-05-19T19:17:38.164959+00:00,request_error,1,18,Ignoring non-200 response
2026-05-19T19:17:43.706394+00:00,request_error,1,18,Ignoring non-200 response
2026-05-19T19:17:45.301918+00:00,request_error,1,18,Forbidden by robots.txt
2026-05-19T19:17:53.611290+00:00,request_error,1,18,Forbidden by robots.txt
2026-05-19T19:17:59.751326+00:00,request_error,1,18,Ignoring non-200 response
2026-05-19T19:18:02.607009+00:00,request_error,1,18,Ignoring non-200 response
2026-05-19T19:18:13.487141+00:00,request_error,1,18,Forbidden by robots.txt
2026-05-19T19:18:15.734485+00:00,request_error,1,18,Ignoring non-200 response
2026-05-19T19:18:16.739923+00:00,request_error,1,18,Forbidden by robots.txt
2026-05-19T19:18:17.983038+00:00,request_error,1,18,Ignoring non-200 response
2026-05-19T19:18:19.585452+00:00,request_error,1,18,Forbidden by robots.txt
2026-05-19T19:18:28.469121+00:00,request_error,1,18,Forbidden by robots.txt
2026-05-19T19:18:31.867780+00:00,request_error,1,18,Forbidden by robots.txt
2026-05-19T19:18:33.622445+00:00,request_error,1,18,Forbidden by robots.txt
2026-05-19T19:18:33.632375+00:00,request_error,1,18,Ignoring non-200 response
2026-05-19T19:18:33.729825+00:00,request_error,1,18,Forbidden by robots.txt
2026-05-19T19:18:33.740524+00:00,request_error,1,18,Forbidden by robots.txt
2026-05-19T19:18:33.838914+00:00,request_error,1,18,Forbidden by robots.txt
2026-05-19T19:18:33.849861+00:00,request_error,1,18,Forbidden by robots.txt
2026-05-19T19:18:42.844976+00:00,request_error,1,18,Ignoring non-200 response
2026-05-19T19:18:44.449613+00:00,request_error,1,18,Forbidden by robots.txt
2026-05-19T19:18:46.165116+00:00,request_error,1,18,Forbidden by robots.txt
2026-05-19T19:18:49.723151+00:00,request_error,1,18,Ignoring non-200 response
2026-05-19T19:18:50.193037+00:00,request_error,1,18,Forbidden by robots.txt
2026-05-19T19:18:52.055275+00:00,request_error,1,18,Ignoring non-200 response
2026-05-19T19:18:52.140960+00:00,request_error,1,18,Ignoring non-200 response
2026-05-19T19:18:54.107561+00:00,request_error,1,18,Ignoring non-200 response
2026-05-19T19:18:59.493997+00:00,request_error,1,18,Ignoring non-200 response
2026-05-19T19:19:00.865054+00:00,request_error,1,18,Forbidden by robots.txt
2026-05-19T19:19:01.678028+00:00,request_error,1,18,Ignoring non-200 response
2026-05-19T19:19:07.045310+00:00,request_error,1,18,Ignoring non-200 response
2026-05-19T19:19:07.315812+00:00,request_error,1,18,Ignoring non-200 response
2026-05-19T19:19:08.614668+00:00,request_error,1,18,Forbidden by robots.txt
2026-05-19T19:19:09.629860+00:00,request_error,1,18,Ignoring non-200 response
2026-05-19T19:19:16.040938+00:00,row,1,19,skip to keyboard shortcuts -> https://www.amazon.com/dp/B0H1S9SCNP
2026-05-19T19:19:17.865418+00:00,request_error,1,19,Ignoring non-200 response
2026-05-19T19:19:20.662361+00:00,request_error,1,19,Ignoring non-200 response
2026-05-19T19:19:20.949078+00:00,request_error,1,19,Ignoring non-200 response
2026-05-19T19:19:22.796593+00:00,request_error,1,19,Forbidden by robots.txt
2026-05-19T19:19:38.634803+00:00,request_error,1,19,Ignoring non-200 response
2026-05-19T19:19:45.832380+00:00,request_error,1,19,Forbidden by robots.txt
2026-05-19T19:19:46.097348+00:00,request_error,1,19,Ignoring non-200 response
2026-05-19T19:19:46.378684+00:00,request_error,1,19,Forbidden by robots.txt
2026-05-19T19:19:47.526439+00:00,request_error,1,19,Ignoring non-200 response
2026-05-19T19:19:49.540158+00:00,request_error,1,19,Ignoring non-200 response
2026-05-19T19:19:50.249917+00:00,request_error,1,19,Ignoring non-200 response
2026-05-19T19:19:50.256553+00:00,request_error,1,19,Ignoring non-200 response
2026-05-19T19:19:57.399637+00:00,request_error,1,19,Forbidden by robots.txt
2026-05-19T19:19:57.810405+00:00,request_error,1,19,Ignoring non-200 response
2026-05-19T19:19:59.052157+00:00,request_error,1,19,Forbidden by robots.txt
2026-05-19T19:19:59.605308+00:00,request_error,1,19,Forbidden by robots.txt
2026-05-19T19:20:01.589378+00:00,request_error,1,19,Forbidden by robots.txt
2026-05-19T19:20:01.697386+00:00,request_error,1,19,Forbidden by robots.txt
2026-05-19T19:20:01.808728+00:00,request_error,1,19,Forbidden by robots.txt
2026-05-19T19:20:02.376591+00:00,request_error,1,19,Forbidden by robots.txt
2026-05-19T19:20:10.933087+00:00,request_error,1,19,Ignoring non-200 response
2026-05-19T19:20:11.054509+00:00,request_error,1,19,Ignoring non-200 response
2026-05-19T19:20:11.522187+00:00,request_error,1,19,Ignoring non-200 response
2026-05-19T19:20:13.405481+00:00,row,1,20,tag archives -> https://www.amazon.com/dp/B08FZ7TTQH
2026-05-19T19:20:14.766459+00:00,request_error,1,20,Forbidden by robots.txt
2026-05-19T19:20:15.038071+00:00,request_error,1,20,Forbidden by robots.txt
2026-05-19T19:20:17.699350+00:00,request_error,1,20,Ignoring non-200 response
2026-05-19T19:20:20.599983+00:00,request_error,1,20,Ignoring non-200 response
2026-05-19T19:20:20.727922+00:00,request_error,1,20,Ignoring non-200 response
2026-05-19T19:20:20.741089+00:00,request_error,1,20,Ignoring non-200 response
2026-05-19T19:20:25.204464+00:00,request_error,1,20,Ignoring non-200 response
2026-05-19T19:20:27.959916+00:00,request_error,1,20,Forbidden by robots.txt
2026-05-19T19:20:34.905011+00:00,request_error,1,20,Ignoring non-200 response
2026-05-19T19:20:36.563859+00:00,request_error,1,20,Ignoring non-200 response
2026-05-19T19:20:36.567226+00:00,request_error,1,20,Ignoring non-200 response
2026-05-19T19:20:38.385996+00:00,request_error,1,20,Ignoring non-200 response
2026-05-19T19:20:39.777430+00:00,request_error,1,20,Ignoring non-200 response
2026-05-19T19:20:43.778257+00:00,request_error,1,20,Ignoring non-200 response
2026-05-19T19:20:46.997532+00:00,request_error,1,20,Ignoring non-200 response
2026-05-19T19:21:02.233439+00:00,request_error,1,20,Ignoring non-200 response
2026-05-19T19:21:03.078015+00:00,request_error,1,20,Ignoring non-200 response
2026-05-19T19:21:03.186474+00:00,request_error,1,20,Forbidden by robots.txt
2026-05-19T19:21:05.840669+00:00,request_error,1,20,Forbidden by robots.txt
2026-05-19T19:21:06.568349+00:00,request_error,1,20,Ignoring non-200 response
2026-05-19T19:21:07.729496+00:00,request_error,1,20,Forbidden by robots.txt
2026-05-19T19:21:19.628069+00:00,request_error,1,20,Forbidden by robots.txt
2026-05-19T19:21:21.456251+00:00,request_error,1,20,Forbidden by robots.txt
2026-05-19T19:21:22.582144+00:00,request_error,1,20,Forbidden by robots.txt
2026-05-19T19:21:30.237433+00:00,request_error,1,20,Ignoring non-200 response
2026-05-19T19:21:30.252662+00:00,request_error,1,20,Ignoring non-200 response
2026-05-19T19:21:30.255581+00:00,request_error,1,20,Ignoring non-200 response
2026-05-19T19:21:31.433317+00:00,request_error,1,20,Forbidden by robots.txt
2026-05-19T19:21:32.947457+00:00,request_error,1,20,Forbidden by robots.txt
2026-05-19T19:21:36.438663+00:00,request_error,1,20,Ignoring non-200 response
2026-05-19T19:21:37.237623+00:00,request_error,1,20,Forbidden by robots.txt
2026-05-19T19:21:39.464911+00:00,request_error,1,20,Ignoring non-200 response
2026-05-19T19:21:41.288898+00:00,request_error,1,20,Ignoring non-200 response
2026-05-19T19:21:41.338098+00:00,request_error,1,20,Ignoring non-200 response
2026-05-19T19:21:43.375860+00:00,request_error,1,20,Ignoring non-200 response
2026-05-19T19:21:46.596713+00:00,request_error,1,20,Forbidden by robots.txt
2026-05-19T19:21:47.005924+00:00,request_error,1,20,Ignoring non-200 response
2026-05-19T19:21:47.335502+00:00,request_error,1,20,Ignoring non-200 response
2026-05-19T19:21:47.338995+00:00,request_error,1,20,Ignoring non-200 response
2026-05-19T19:21:47.653379+00:00,request_error,1,20,Ignoring non-200 response
2026-05-19T19:21:49.093436+00:00,request_error,1,20,Ignoring non-200 response
2026-05-19T19:21:50.602038+00:00,request_error,1,20,Ignoring non-200 response
2026-05-19T19:21:51.360390+00:00,request_error,1,20,Forbidden by robots.txt
2026-05-19T19:21:52.121986+00:00,request_error,1,20,Ignoring non-200 response
2026-05-19T19:21:54.831823+00:00,request_error,1,20,Forbidden by robots.txt
2026-05-19T19:21:55.464956+00:00,request_error,1,20,Ignoring non-200 response
2026-05-19T19:22:16.351069+00:00,request_error,1,20,Ignoring non-200 response
2026-05-19T19:22:17.406655+00:00,request_error,1,20,Forbidden by robots.txt
2026-05-19T19:22:22.362349+00:00,request_error,1,20,Forbidden by robots.txt
2026-05-19T19:22:23.102729+00:00,request_error,1,20,Ignoring non-200 response
2026-05-19T19:22:31.556667+00:00,request_error,1,20,Ignoring non-200 response
2026-05-19T19:22:31.784937+00:00,request_error,1,20,Ignoring non-200 response
2026-05-19T19:22:32.711605+00:00,request_error,1,20,Forbidden by robots.txt
2026-05-19T19:22:35.353770+00:00,request_error,1,20,Forbidden by robots.txt
2026-05-19T19:22:36.252705+00:00,request_error,1,20,Getting https://www.npr.org/2012/04/23/151053393/the-artistry-of-childrens-picturebooks-revealed took longer than 180.0 seconds.
2026-05-19T19:22:36.797895+00:00,request_error,1,20,Forbidden by robots.txt
2026-05-19T19:22:43.287922+00:00,request_error,1,20,Ignoring non-200 response
2026-05-19T19:22:45.076236+00:00,request_error,1,20,Ignoring non-200 response
2026-05-19T19:22:46.468026+00:00,request_error,1,20,Forbidden by robots.txt
2026-05-19T19:22:47.462843+00:00,request_error,1,20,Ignoring non-200 response
2026-05-19T19:22:48.854166+00:00,request_error,1,20,Ignoring non-200 response
2026-05-19T19:22:50.458016+00:00,request_error,1,20,Ignoring non-200 response
2026-05-19T19:22:50.521327+00:00,request_error,1,20,Ignoring non-200 response
2026-05-19T19:22:50.710752+00:00,request_error,1,20,Ignoring non-200 response
2026-05-19T19:22:51.892002+00:00,request_error,1,20,Ignoring non-200 response
2026-05-19T19:22:55.436349+00:00,request_error,1,20,Forbidden by robots.txt
2026-05-19T19:22:55.478997+00:00,request_error,1,20,Ignoring non-200 response
2026-05-19T19:23:00.221922+00:00,request_error,1,20,Ignoring non-200 response
2026-05-19T19:23:00.223877+00:00,request_error,1,20,Ignoring non-200 response
2026-05-19T19:23:01.779406+00:00,request_error,1,20,Ignoring non-200 response
2026-05-19T19:23:01.984434+00:00,request_error,1,20,Ignoring non-200 response
2026-05-19T19:23:04.675415+00:00,request_error,1,20,Ignoring non-200 response
2026-05-19T19:23:08.151146+00:00,request_error,1,20,Ignoring non-200 response
2026-05-19T19:23:10.416937+00:00,request_error,1,20,Forbidden by robots.txt
2026-05-19T19:23:15.957802+00:00,request_error,1,20,Ignoring non-200 response
2026-05-19T19:23:20.034368+00:00,request_error,1,20,Forbidden by robots.txt
2026-05-19T19:23:20.106701+00:00,row,1,21,big red barn rif org -> https://www.amazon.com/dp/0060207485
2026-05-19T19:23:28.764316+00:00,request_error,1,21,[<twisted.python.failure.Failure twisted.internet.error.ConnectionLost: Connection to the other side was lost in a non-clean fashion: Connection lost.>]
2026-05-19T19:23:42.245156+00:00,request_error,1,21,Forbidden by robots.txt
2026-05-19T19:24:03.521135+00:00,request_error,1,21,Forbidden by robots.txt
2026-05-19T19:24:04.497463+00:00,request_error,1,21,Forbidden by robots.txt
2026-05-19T19:24:09.072163+00:00,request_error,1,21,Ignoring non-200 response
2026-05-19T19:24:11.934312+00:00,request_error,1,21,Forbidden by robots.txt
2026-05-19T19:24:13.713729+00:00,request_error,1,21,Ignoring non-200 response
2026-05-19T19:24:13.937856+00:00,request_error,1,21,Forbidden by robots.txt
2026-05-19T19:24:52.300327+00:00,request_error,1,21,Forbidden by robots.txt
2026-05-19T19:24:53.346026+00:00,request_error,1,21,Ignoring non-200 response
2026-05-19T19:24:56.341708+00:00,request_error,1,21,Ignoring non-200 response
2026-05-19T19:25:08.908594+00:00,request_error,1,21,Ignoring non-200 response
2026-05-19T19:25:10.781137+00:00,request_error,1,21,Forbidden by robots.txt
2026-05-19T19:25:12.657762+00:00,request_error,1,21,Ignoring non-200 response
2026-05-19T19:25:19.773308+00:00,request_error,1,21,Forbidden by robots.txt
2026-05-19T19:25:21.945793+00:00,request_error,1,21,Forbidden by robots.txt
2026-05-19T19:25:22.555359+00:00,request_error,1,21,Forbidden by robots.txt
2026-05-19T19:25:29.171214+00:00,request_error,1,21,Ignoring non-200 response
2026-05-19T19:25:29.565573+00:00,request_error,1,21,Forbidden by robots.txt
2026-05-19T19:25:29.987269+00:00,request_error,1,21,Forbidden by robots.txt
2026-05-19T19:25:32.349615+00:00,request_error,1,21,Ignoring non-200 response
2026-05-19T19:25:32.447732+00:00,request_error,1,21,Forbidden by robots.txt
2026-05-19T19:25:33.231515+00:00,request_error,1,21,Ignoring non-200 response
2026-05-19T19:25:39.783240+00:00,request_error,1,21,Forbidden by robots.txt
2026-05-19T19:25:40.365894+00:00,request_error,1,21,Ignoring non-200 response
2026-05-19T19:25:40.871208+00:00,request_error,1,21,Ignoring non-200 response
2026-05-19T19:25:42.509156+00:00,request_error,1,21,Ignoring non-200 response
2026-05-19T19:25:42.512078+00:00,request_error,1,21,Ignoring non-200 response
2026-05-19T19:25:48.694854+00:00,request_error,1,21,Forbidden by robots.txt
2026-05-19T19:25:53.007773+00:00,request_error,1,21,Ignoring non-200 response
2026-05-19T19:25:55.772874+00:00,request_error,1,21,Forbidden by robots.txt
2026-05-19T19:25:57.216887+00:00,request_error,1,21,Ignoring non-200 response
2026-05-19T19:26:00.247077+00:00,request_error,1,21,Ignoring non-200 response
2026-05-19T19:26:00.526264+00:00,request_error,1,21,Forbidden by robots.txt
2026-05-19T19:26:00.529817+00:00,request_error,1,21,Forbidden by robots.txt
2026-05-19T19:26:02.604846+00:00,request_error,1,21,Forbidden by robots.txt
2026-05-19T19:26:02.740562+00:00,request_error,1,21,Forbidden by robots.txt
2026-05-19T19:26:02.838927+00:00,request_error,1,21,Forbidden by robots.txt
2026-05-19T19:26:02.920980+00:00,request_error,1,21,Forbidden by robots.txt
2026-05-19T19:26:02.923732+00:00,request_error,1,21,Forbidden by robots.txt
2026-05-19T19:26:07.017640+00:00,request_error,1,21,Forbidden by robots.txt
2026-05-19T19:26:07.126461+00:00,request_error,1,21,Forbidden by robots.txt
2026-05-19T19:26:07.186435+00:00,request_error,1,21,Forbidden by robots.txt
2026-05-19T19:26:08.235023+00:00,request_error,1,21,Ignoring non-200 response
2026-05-19T19:26:08.638541+00:00,request_error,1,21,[<twisted.python.failure.Failure twisted.internet.error.ConnectionLost: Connection to the other side was lost in a non-clean fashion: Connection lost.>]
2026-05-19T19:26:09.077184+00:00,request_error,1,21,Ignoring non-200 response
2026-05-19T19:26:47.669111+00:00,request_error,1,21,Forbidden by robots.txt
2026-05-19T19:26:50.568883+00:00,request_error,1,21,Ignoring non-200 response
2026-05-19T19:26:55.434138+00:00,request_error,1,21,Ignoring non-200 response
2026-05-19T19:26:58.464597+00:00,row,1,22,skip to keyboard shortcuts -> https://www.amazon.com/dp/9389053862
2026-05-19T19:26:58.575571+00:00,request_error,1,22,Forbidden by robots.txt
